{"cameraMode":{"drawMode":0,"name":"Shaded","section":"Shading Mode"},"sceneLighting":false,"audioPlay":false,"sceneViewState":{"m_AlwaysRefresh":false,"showFog":true,"showSkybox":false,"showFlares":true,"showImageEffects":true,"showParticleSystems":true,"showVisualEffectGraphs":true,"m_FxEnabled":true},"in2DMode":false,"pivot":{"x":0.008757203817367554,"y":0.21286657452583314,"z":-0.017920002341270448},"rotation":{"x":0.09141641110181809,"y":-0.7518848776817322,"z":0.1067797914147377,"w":0.6443928480148315},"size":0.30648744106292727,"orthographic":false}